ID,Code,Name,Description,Unit,Category,"Current Stock","Min Alert","Purchase Price",Status,"Pricing Tiers","Created Date"
252,PRDBD7513BA,"1.5 لیٹر",,پیٹ,بوتل,999916.000,10.000,0.00,active,"wholesale:0.000-∞=920.00 | retail:0.000-∞=920.00","2026-04-11 17:17:27"
586,PRD614366076492,"1.5 لیٹر پیپسی",,بوتل,بوتل,999969.000,10.000,0.00,active,"wholesale:0.000-∞=900.00 | retail:0.000-∞=900.00","2026-05-04 07:24:45"
445,PRD835728174818,"3DX بلیچ 30 والی",,ڈبہ,دوسرے,999993.000,10.000,0.00,active,"wholesale:0.000-∞=630.00 | retail:0.000-∞=630.00","2026-04-12 13:46:59"
446,PRD836612782775,"U کریم",,پیکٹ,دوسرے,999925.000,10.000,533.33,active,"wholesale:36.000-∞=15.28 | wholesale:0.000-35.000=16.67 | retail:0.000-5.000=20.00 | retail:6.000-∞=16.67","2026-04-12 13:47:41"
296,PRDBD752D3F,اجوائن,,کلو,مصالہ,999995.000,10.000,0.00,active,"wholesale:0.000-0.999=480.00 | wholesale:1.000-∞=400.00 | retail:0.000-0.999=480.00 | retail:1.000-∞=400.00","2026-04-11 17:17:27"
530,PRD611324793696,"اچار 100 والا",,پیکٹ,"بوم بوم واے",999995.000,10.000,0.00,active,"wholesale:0.000-∞=100.00 | retail:1.000-∞=100.00","2026-04-15 18:52:38"
349,PRD676528430127,"اچار گوشت ڈبہ",,ڈبہ,"نیشنل مصالہ",999998.000,10.000,0.00,active,"wholesale:0.000-5.000=140.00 | wholesale:6.000-∞=130.00 | retail:0.000-∞=140.00","2026-04-12 09:21:45"
357,PRD679800223862,"اچار گوشت شاشے",,شاشے,"نیشنل مصالہ",999997.000,10.000,0.00,active,"wholesale:6.000-∞=70.00 | wholesale:0.000-5.000=80.00 | retail:0.000-5.000=80.00 | retail:6.000-∞=70.00","2026-04-12 09:26:49"
205,PRDBD74F7E5,"اچارآدھا کلو والا",,بوتل,"نیشنل مصالہ",999995.000,10.000,285.00,active,"wholesale:0.000-∞=290.00 | retail:0.000-∞=300.00","2026-04-11 17:17:27"
204,PRDBD74F76E,"اچارکلو والا",,ڈبہ,"نیشنل مصالہ",999999.000,10.000,0.00,active,"wholesale:0.000-∞=600.00 | retail:0.000-∞=600.00","2026-04-11 17:17:27"
186,PRDBD74EEDE,"اخروٹ صابن 20 والا",,پیکٹ,"اخروٹ صرف",999503.000,10.000,0.00,active,"wholesale:0.000-∞=15.28 | retail:0.000-2.000=20.00 | retail:3.000-35.000=16.67 | retail:36.000-∞=15.28","2026-04-11 17:17:27"
185,PRDBD74EE41,"اخروٹ صابن 50والا",,پیکٹ,"اخروٹ صرف",999991.000,10.000,0.00,active,"wholesale:0.000-∞=41.67 | retail:0.000-23.000=45.00 | retail:24.000-∞=41.67","2026-04-11 17:17:27"
188,PRDBD74EFF4,"اخروٹ صرف 10 والا",,پیکٹ,"اخروٹ صرف",999975.000,10.000,0.00,active,"wholesale:0.000-∞=8.34 | retail:0.000-5.000=10.00 | retail:6.000-∞=8.34","2026-04-11 17:17:27"
187,PRDBD74EF6A,"اخروٹ صرف 50 والا",,پیکٹ,"اخروٹ صرف",999865.000,10.000,0.00,active,"wholesale:0.000-∞=41.67 | retail:0.000-5.000=50.00 | retail:6.000-∞=41.67","2026-04-11 17:17:27"
189,PRDBD74F07C,"اخروٹ صرف کلو",,پیکٹ,"اخروٹ صرف",999987.000,10.000,0.00,active,"wholesale:0.000-∞=290.00 | retail:0.000-9.000=300.00 | retail:10.000-∞=290.00","2026-04-11 17:17:27"
546,PRD112856130383,ادرک,,کلو,"ہری سبزی",999999.000,10.000,0.00,active,"wholesale:0.000-∞=320.00 | retail:0.000-∞=320.00","2026-04-17 12:34:59"
464,PRD877030899867,"ادرک پاؤڈر ڈبہ",,ڈبہ,"نیشنل مصالہ",999999.000,10.000,0.00,active,"wholesale:0.000-∞=180.00 | retail:0.000-∞=180.00","2026-04-12 14:55:26"
414,PRD812233891274,"اسپیشل بسکٹ 10والا",,ڈبہ,بسکٹ,999987.000,10.000,625.00,active,"wholesale:0.000-3.000=640.00 | wholesale:4.000-∞=635.00 | retail:0.000-∞=640.00","2026-04-12 13:07:13"
411,PRD811403291014,"اسپیشل بسکٹ 20والا",,ڈبہ,بسکٹ,999971.000,10.000,208.33,active,"wholesale:0.000-∞=210.00 | retail:0.000-∞=210.00","2026-04-12 13:06:19"
435,PRD828713750987,"اشرفی مربع کلو والا",,ڈبہ,مربع,999999.000,10.000,0.00,active,"wholesale:0.000-∞=450.00 | retail:0.000-∞=450.00","2026-04-12 13:35:19"
552,PRD867856095031,"اگربتی 240 والی",,پیکٹ,دوسرے,999997.000,10.000,0.00,active,"wholesale:0.000-∞=240.00 | retail:0.000-∞=240.00","2026-04-18 09:34:08"
563,PRD447343439173,الفی,,ڈبہ,دوسرے,999997.000,10.000,0.00,active,wholesale:0.000-∞=200.00,"2026-04-21 09:12:15"
273,PRDBD751F5E,"الو بخارہ",,کلو,مصالہ,999997.750,10.000,1900.00,active,"wholesale:0.000-0.999=2200.00 | wholesale:1.000-∞=2000.00 | retail:0.000-0.999=2200.00 | retail:1.000-∞=2000.00","2026-04-11 17:17:27"
275,PRDBD7520CF,"املی تھائی لینڈ",,کلو,مصالہ,999992.708,10.000,0.00,active,"wholesale:0.000-∞=480.00 | retail:0.000-∞=480.00","2026-04-11 17:17:27"
271,PRDBD751E3F,"املی عام",,کلو,مصالہ,999997.500,10.000,0.00,active,"wholesale:0.000-0.999=480.00 | wholesale:1.000-∞=450.00 | retail:0.000-0.999=480.00 | retail:1.000-∞=450.00","2026-04-11 17:17:27"
383,PRD788884751030,"انار املی",,ڈبہ,"منی مور پاپر واے",999997.000,10.000,0.00,active,"wholesale:0.000-∞=120.00 | retail:0.000-∞=120.00","2026-04-12 12:28:09"
276,PRDBD75216D,"انار دانہ",,کلو,مصالہ,999994.250,10.000,0.00,active,"wholesale:0.000-∞=800.00 | retail:0.000-0.999=880.00 | retail:1.000-∞=800.00","2026-04-11 17:17:27"
218,PRDBD74FF56,انڈے,,پیس,دوسرے,998248.000,10.000,0.00,active,"wholesale:0.000-∞=17.67 | retail:0.000-14.000=20.00 | retail:15.000-∞=17.67","2026-04-11 17:17:27"
508,PRD270274562074,"انعام سوپ",,پیکٹ,دوسرے,999923.000,10.000,1850.00,active,"wholesale:0.000-4.000=200.00 | wholesale:5.000-∞=190.00 | retail:0.000-4.000=200.00 | retail:5.000-∞=190.00","2026-04-15 09:24:32"
528,PRD590064797949,"انعام صرف 50 والا",,پیکٹ,صرف,999999.000,10.000,0.00,active,"wholesale:0.000-5.000=50.00 | wholesale:6.000-∞=41.67 | wholesale:6.000-∞=41.67 | retail:0.000-5.000=50.00","2026-04-15 18:17:32"
527,PRD584986407775,"انعام صرف کلو والا",,کلو,صرف,999999.000,10.000,0.00,active,"wholesale:0.000-4.000=300.00 | wholesale:5.000-∞=280.00 | retail:0.000-4.000=300.00 | retail:5.000-∞=280.00","2026-04-15 18:09:05"
490,PRD440614007181,"انعام نرول",,گتہ,صابن,999981.000,10.000,1670.00,active,"wholesale:0.000-∞=1700.00 | retail:1.000-∞=90.00","2026-04-14 10:22:01"
366,PRD776344359078,"ایریل صرف 10 والا",,پیکٹ,"ایریل صرف واے",999951.000,10.000,0.00,active,wholesale:0.000-∞=9.17,"2026-04-12 12:07:36"
367,PRD776587241223,"ایریل صرف 50 والا",,پیکٹ,"ایریل صرف واے",999927.000,10.000,0.00,active,wholesale:0.000-∞=46.67,"2026-04-12 12:07:58"
557,PRD833034064079,"ایریل صرف ادھا کلو والا",,پیکٹ,"ایریل صرف واے",999987.000,10.000,0.00,active,"wholesale:0.000-∞=275.00 | retail:0.000-∞=290.00","2026-04-19 12:22:26"
368,PRD776878559817,"ایریل صرف کلو",,پیکٹ,"ایریل صرف واے",999999.000,10.000,0.00,active,,"2026-04-12 12:08:27"
369,PRD780004774142,"ایکٹو 10 والا",,ڈبہ,بسکٹ,999990.000,10.000,0.00,active,"wholesale:0.000-5.000=210.00 | wholesale:6.000-∞=208.00 | retail:0.000-∞=210.00","2026-04-12 12:14:15"
359,PRD681229631756,"ایکسل صرف 10 والا",,پیکٹ,"شیخ نوشہرہ ورکاں",999747.000,10.000,2600.00,active,"wholesale:0.000-5.000=10.00 | wholesale:6.000-∞=9.17 | retail:0.000-5.000=10.00 | retail:6.000-∞=9.17","2026-04-12 09:29:22"
360,PRD681643832393,"ایکسل صرف 50 والا",,پیکٹ,"شیخ نوشہرہ ورکاں",999237.000,10.000,3200.00,active,"wholesale:0.000-71.000=46.67 | wholesale:72.000-∞=45.14 | retail:0.000-5.000=50.00 | retail:6.000-71.000=46.67 | retail:72.000-∞=45.84","2026-04-12 09:30:46"
537,PRD422501044494,"ایکسل صرف ادھا کلو والا",,پیکٹ,"شیخ نوشہرہ ورکاں",999985.000,10.000,0.00,active,"wholesale:0.000-2.000=280.00 | wholesale:3.000-∞=275.00 | retail:0.000-∞=280.00","2026-04-16 17:25:14"
361,PRD682489543482,"ایکسل صرف کلو",,پیکٹ,"شیخ نوشہرہ ورکاں",999991.000,10.000,6300.00,active,"wholesale:0.000-0.000=565.00 | retail:0.000-4.000=580.00 | retail:5.000-∞=570.00","2026-04-12 09:31:41"
313,PRDBD753971,باجرہ,,کلو,دال,999999.000,10.000,0.00,active,"wholesale:0.000-4.999=110.00 | wholesale:5.000-49.999=105.00 | wholesale:50.000-∞=104.00 | retail:0.000-4.999=110.00 | retail:5.000-∞=105.00","2026-04-11 17:17:27"
311,PRDBD7537E1,بادام,,کلو,مصالہ,999993.000,10.000,0.00,active,"wholesale:0.000-∞=880.00 | retail:0.000-∞=880.00","2026-04-11 17:17:27"
500,PRD627227456931,"بادام گری",,کلو,"ڈراۓ فروٹ",999995.364,10.000,0.00,active,"wholesale:0.000-0.999=3000.00 | wholesale:1.000-∞=2950.00 | retail:0.000-0.999=3000.00 | retail:1.000-∞=2950.00","2026-04-14 15:34:50"
486,PRD947949180532,"بادام گولی 5 والی",,ڈبہ,"گولی ٹافیاں واے",999988.000,10.000,124.16,active,"wholesale:0.000-5.000=130.00 | wholesale:6.000-∞=127.00 | retail:0.000-∞=130.00","2026-04-12 16:53:45"
280,PRDBD7523DA,"بادیاں ختائی",,کلو,مصالہ,999999.000,10.000,0.00,active,"wholesale:0.000-∞=2000.00 | retail:0.000-∞=2000.00","2026-04-11 17:17:27"
363,PRD775427103133,"برائٹ صرف 10 والا",,پیکٹ,"بونس صرف واے",999891.000,10.000,0.00,active,"wholesale:0.000-5.000=10.00 | wholesale:6.000-∞=9.17 | retail:0.000-5.000=10.00 | retail:6.000-∞=9.17","2026-04-12 12:06:11"
364,PRD775739957295,"برائٹ صرف 50 والا",,پیکٹ,"بونس صرف واے",999903.000,10.000,2670.00,active,"wholesale:0.000-5.000=50.00 | wholesale:6.000-∞=46.67 | retail:0.000-∞=50.00","2026-04-12 12:06:29"
365,PRD775919764841,"برائٹ صرف کلو",,پیکٹ,"بونس صرف واے",999999.000,10.000,0.00,active,"wholesale:0.000-∞=540.00 | retail:0.000-∞=560.00","2026-04-12 12:06:52"
392,PRD793037058252,"بروسٹ نمکو 20 والی",,ڈبہ,"بوم بوم واے",999980.000,10.000,190.00,active,"wholesale:0.000-∞=200.00 | retail:0.000-∞=200.00","2026-04-12 12:35:40"
393,PRD793429438736,"بروسٹ نمکو 50 والی",,ڈبہ,"بوم بوم واے",999979.000,10.000,240.00,active,"wholesale:0.000-∞=250.00 | retail:0.000-∞=250.00","2026-04-12 12:35:57"
573,PRD682665651158,"بریانی 20 والا",,شاشے,"نیشنل مصالہ",999975.000,10.000,208.00,active,"wholesale:0.000-∞=18.34 | retail:0.000-5.000=20.00 | retail:6.000-∞=18.34","2026-04-28 14:25:01"
347,PRD675116027147,"بریانی ڈبہ",,ڈبہ,"نیشنل مصالہ",999953.000,10.000,0.00,active,"wholesale:0.000-5.000=140.00 | wholesale:6.000-∞=130.00 | retail:0.000-∞=140.00","2026-04-12 09:19:47"
355,PRD679137514656,"بریانی شاشے",,شاشے,"نیشنل مصالہ",999923.000,10.000,9500.00,active,"wholesale:0.000-5.000=80.00 | wholesale:6.000-∞=70.00 | retail:0.000-5.000=80.00 | retail:6.000-∞=70.00","2026-04-12 09:25:51"
246,PRDBD75107E,"بڑا پانی",,پیٹ,بوتل,999999.000,10.000,0.00,active,"wholesale:0.000-∞=200.00 | retail:0.000-∞=200.00","2026-04-11 17:17:27"
290,PRDBD7529B6,"بڑی الائچی",,کلو,مصالہ,999999.000,10.000,365.00,active,"wholesale:0.000-0.999=8000.00 | retail:0.000-0.999=8000.00","2026-04-11 17:17:27"
240,PRDBD750D29,"بسکٹ 130 والا",,ڈبہ,"گولی ٹافیاں واے",999994.000,10.000,127.00,active,"wholesale:0.000-5.000=130.00 | wholesale:6.000-∞=128.00 | retail:0.000-∞=130.00","2026-04-11 17:17:27"
520,PRD341832626125,"بسکٹ 140 والا",,ڈبہ,"گولی ٹافیاں واے",999986.000,10.000,135.00,active,"wholesale:0.000-17.000=140.00 | wholesale:18.000-∞=137.00 | retail:0.000-∞=140.00","2026-04-15 11:23:36"
521,PRD343196169779,"بسکٹ 160 والا",,ڈبہ,بسکٹ,999997.000,10.000,0.00,active,"wholesale:0.000-∞=160.00 | retail:0.000-∞=160.00","2026-04-15 11:26:16"
519,PRD337908671934,"بسکٹ مکس ہاف رول",,ڈبہ,"سوپر ھاف رول واے",999955.000,10.000,0.00,active,"wholesale:0.000-17.000=290.00 | wholesale:18.000-∞=288.89 | retail:0.000-∞=290.00","2026-04-15 11:17:55"
419,PRD814338201736,"بلیچ 20 والی",,بوتل,دوسرے,999779.000,10.000,180.00,active,"wholesale:0.000-∞=15.84 | retail:0.000-11.000=20.00 | retail:12.000-∞=15.84","2026-04-12 13:10:36"
384,PRD788908469665,"بنٹی 100 والی",,ڈبہ,"منی مور پاپر واے",999992.000,10.000,95.00,active,"wholesale:0.000-∞=100.00 | retail:0.000-∞=100.00","2026-04-12 12:28:35"
564,PRD502764419935,"بنٹی 200 والی",,ڈبہ,دوسرے,999999.000,10.000,0.00,active,"wholesale:0.000-∞=200.00 | retail:0.000-∞=200.00","2026-04-21 10:44:47"
222,PRDBD75021B,"بوتل پیپ",,شاشے,دوسرے,999993.000,10.000,0.00,active,"wholesale:0.000-∞=140.00 | retail:0.000-∞=140.00","2026-04-11 17:17:27"
386,PRD789449481196,"بوم بوم",,ڈبہ,"بوم بوم واے",999972.000,10.000,245.00,active,"wholesale:0.000-∞=250.00 | retail:0.000-∞=250.00","2026-04-12 12:29:26"
182,PRDBD74E3CC,"بونس صرف 10 والا",,پیکٹ,"بونس صرف واے",999831.000,10.000,0.00,active,"wholesale:0.000-5.000=10.00 | wholesale:6.000-∞=9.17 | retail:0.000-5.000=10.00 | retail:6.000-∞=9.17","2026-04-11 17:17:27"
184,PRDBD74E6FA,"بونس صرف 50 والا",,پیکٹ,"بونس صرف واے",999903.000,10.000,0.00,active,"wholesale:0.000-5.000=50.00 | wholesale:6.000-41.000=46.67 | wholesale:42.000-∞=44.05 | retail:0.000-5.000=50.00 | retail:6.000-∞=46.67","2026-04-11 17:17:27"
183,PRDBD74E65A,"بونس صرف کلو",,پیکٹ,"بونس صرف واے",999977.000,10.000,2768.68,active,"wholesale:0.000-∞=235.00 | retail:0.000-∞=240.00","2026-04-11 17:17:27"
477,PRD891232398522,"پائن ایپل ڈبہ",,ڈبہ,"ڈراۓ فروٹ",999999.000,10.000,0.00,active,"wholesale:0.000-∞=2100.00 | retail:0.000-∞=2100.00","2026-04-12 15:19:19"
522,PRD346301865394,پاپر,,پیکٹ,دوسرے,999961.000,10.000,0.00,active,"wholesale:0.000-5.000=100.00 | wholesale:6.000-∞=96.67 | retail:0.000-5.000=100.00","2026-04-15 11:31:00"
214,PRDBD74FC1B,پاپڑی,,پیکٹ,"حاجی سلطان سویاں واے",72.000,10.000,260.00,active,"wholesale:0.000-∞=310.00 | retail:0.000-∞=310.00","2026-04-11 17:17:27"
342,PRD640358921095,"پارٹی ہاف رول",,ڈبہ,"سوپر ھاف رول واے",999995.000,10.000,0.00,active,"wholesale:0.000-17.000=290.00 | wholesale:18.000-∞=288.89 | retail:0.000-∞=290.00","2026-04-12 08:21:08"
457,PRD840905181445,"پالش ڈبہ",,ڈبہ,دوسرے,999997.000,10.000,0.00,active,"wholesale:0.000-∞=62.50 | retail:0.000-∞=80.00","2026-04-12 13:55:16"
422,PRD820686643459,"پامولی صابن 150 والا",,پیکٹ,"بونس صرف واے",999957.000,10.000,14619.00,active,"wholesale:0.000-5.000=145.00 | wholesale:6.000-107.000=140.00 | wholesale:108.000-∞=138.00 | retail:0.000-5.000=145.00 | retail:6.000-107.000=140.00 | retail:108.000-∞=138.00","2026-04-12 13:22:16"
510,PRD295104917469,"پانی چھوٹا",,پیکٹ,بوتل,999999.000,10.000,0.00,active,"wholesale:0.000-∞=280.00 | retail:0.000-∞=280.00","2026-04-15 10:05:47"
220,PRDBD7500E4,"پتی 10 والی",,پیکٹ,"دانے دار واے",999944.000,10.000,7250.00,active,"wholesale:0.000-41.000=175.00 | wholesale:42.000-∞=173.00 | retail:0.000-∞=175.00","2026-04-11 17:17:27"
219,PRDBD74FFE6,"پتی 20 والی",,پیکٹ,"دانے دار واے",999995.000,10.000,0.00,active,"wholesale:0.000-∞=170.00 | retail:0.000-∞=170.00","2026-04-11 17:17:27"
429,PRD825964704445,"پرائم صابن 60 والا",,پیکٹ,صابن,999999.000,10.000,0.00,active,,"2026-04-12 13:30:15"
516,PRD326178459757,"پراڈز چکلٹ",,ڈبہ,دوسرے,999999.000,10.000,0.00,active,"wholesale:0.000-5.000=200.00 | wholesale:6.000-∞=195.00 | retail:0.000-∞=200.00","2026-04-15 10:57:52"
481,PRD892572767396,پستہ,,کلو,"ڈراۓ فروٹ",999999.000,10.000,6050.00,active,"wholesale:0.000-∞=6400.00 | retail:0.000-∞=6400.00","2026-04-12 15:21:16"
470,PRD887027622017,"پلاسٹک رول",,رول,کپڑا,999999.000,10.000,400.00,active,"wholesale:0.000-∞=450.00 | retail:0.000-∞=450.00","2026-04-12 15:11:56"
460,PRD842517417885,پلیاں,,کلو,"حاجی سلطان سویاں واے",179.000,10.000,290.00,active,"wholesale:0.000-∞=300.00 | retail:0.000-∞=320.00","2026-04-12 13:57:51"
421,PRD814883699875,"پنٹن 5 والا",,لڑیاں,"ایریل صرف واے",999999.000,10.000,0.00,active,"wholesale:0.000-∞=55.00 | retail:0.000-∞=55.00","2026-04-12 13:12:17"
215,PRDBD74FC94,پورا,,بوتل,"حاجی سلطان سویاں واے",58.000,10.000,300.00,active,"wholesale:0.000-∞=310.00 | retail:0.000-∞=310.00","2026-04-11 17:17:27"
544,PRD112137325653,پیاز,,کلو,"ہری سبزی",999999.000,10.000,0.00,active,"wholesale:0.000-∞=80.00 | retail:0.000-∞=80.00","2026-04-17 12:34:22"
504,PRD743344310109,"پیپر 900 والا",,پیکٹ,دوسرے,999996.000,10.000,0.00,active,"wholesale:0.000-∞=900.00 | retail:0.000-∞=900.00","2026-04-14 18:46:09"
562,PRD444024713341,"پیپسی لیٹر",,پیکٹ,بوتل,999931.000,10.000,0.00,active,"wholesale:0.000-∞=730.00 | retail:0.000-∞=730.00","2026-04-21 09:07:46"
534,PRD223950885275,"پیمپر 900 والا",,پیکٹ,پیمپر,999999.000,10.000,0.00,active,"wholesale:0.000-∞=900.00 | retail:0.000-∞=900.00","2026-04-16 11:53:27"
340,PRD639504352159,"پینٹ ہاف رول",,ڈبہ,"سوپر ھاف رول واے",999987.000,10.000,0.00,active,"wholesale:0.000-17.000=290.00 | wholesale:18.000-∞=288.89 | retail:0.000-∞=290.00","2026-04-12 08:19:53"
556,PRD231951418571,"پینٹن 5 والا",,لڑیاں,سویاں,999989.000,10.000,0.00,active,"wholesale:0.000-∞=55.00 | retail:0.000-∞=55.00","2026-04-18 19:40:25"
474,PRD889147878063,"تاج آئل",,لیٹر,ائل,999961.000,10.000,0.00,active,"wholesale:0.000-11.000=500.00 | wholesale:12.000-∞=492.00 | retail:0.000-∞=500.00","2026-04-12 15:15:27"
431,PRD827706250181,"تازگی صابن 100 والا",,پیکٹ,صابن,999999.000,10.000,0.00,active,,"2026-04-12 13:32:51"
432,PRD827726120476,"تبت صابن 110 والا",,پیکٹ,صابن,999553.000,10.000,6850.00,active,"wholesale:0.000-5.000=100.00 | wholesale:6.000-71.000=98.34 | wholesale:72.000-∞=97.23 | retail:0.000-∞=100.00","2026-04-12 13:33:20"
433,PRD828018604146,"تبت صابن 80 والا",,پیکٹ,صابن,999999.000,10.000,0.00,active,,"2026-04-12 13:33:33"
279,PRDBD752335,"تخم ملنگا",,کلو,مصالہ,999999.000,10.000,840.00,active,"wholesale:0.000-∞=1000.00 | retail:0.000-∞=1000.00","2026-04-11 17:17:27"
351,PRD677465610566,"تکہ مصالہ ڈبہ",,ڈبہ,"نیشنل مصالہ",999998.000,10.000,0.00,active,"wholesale:0.000-5.000=130.00 | wholesale:6.000-∞=130.00 | retail:0.000-∞=130.00","2026-04-12 09:23:33"
274,PRDBD752004,"تل سفید",,کلو,مصالہ,999999.000,10.000,0.00,active,"wholesale:0.000-0.999=400.00 | wholesale:1.000-∞=380.00 | retail:0.000-0.999=400.00 | retail:1.000-∞=380.00","2026-04-11 17:17:27"
565,PRD555676546459,"تلسی سپاری",,ڈبہ,سپاری,999991.000,10.000,190.00,active,"wholesale:0.000-∞=200.00 | retail:0.000-∞=200.00","2026-04-21 12:13:18"
261,PRDBD7518B1,"تیز پتہ",,کلو,مصالہ,999999.000,10.000,0.00,active,"wholesale:0.000-∞=1200.00 | retail:0.000-∞=1200.00","2026-04-11 17:17:27"
420,PRD814384923021,"تیزاب 20 والی",,گتہ,دوسرے,999903.000,10.000,180.00,active,"wholesale:0.000-∞=15.84 | retail:0.000-11.000=20.00 | retail:12.000-∞=15.84","2026-04-12 13:11:02"
287,PRDBD7527F9,"ثابت اسکبول",,کلو,مصالہ,999999.000,10.000,0.00,active,"wholesale:0.000-∞=1000.00 | retail:0.000-∞=1000.00","2026-04-11 17:17:27"
553,PRD871723842478,ٹاٹری,,کلو,مصالہ,999998.000,10.000,0.00,active,"wholesale:0.000-∞=450.00 | retail:0.000-0.999=480.00 | retail:1.000-∞=450.00","2026-04-18 09:39:59"
523,PRD361943730888,"ٹپ ٹیک 130 والا",,ڈبہ,"بوم بوم واے",999998.000,10.000,122.00,active,"wholesale:0.000-5.000=130.00 | wholesale:6.000-∞=125.00 | retail:0.000-∞=130.00","2026-04-15 11:57:56"
512,PRD311904858302,"ٹریٹ بلیٹ",,ڈبی,دوسرے,999985.000,10.000,56.00,active,"wholesale:0.000-∞=60.00 | retail:0.000-∞=60.00","2026-04-15 10:33:50"
346,PRD645823973081,"ٹک ہاف رول",,ڈبہ,"لو بسکٹ واے",999995.000,10.000,4960.00,active,"wholesale:0.000-17.000=290.00 | wholesale:18.000-∞=288.89 | retail:0.000-∞=290.00","2026-04-12 08:30:15"
545,PRD112642303517,"ٹما ٹر",,کلو,"ہری سبزی",999999.000,10.000,0.00,active,"wholesale:0.000-∞=100.00 | retail:0.000-∞=100.00","2026-04-17 12:34:43"
316,PRDBD753C42,"ٹوٹا 170 والا",,کلو,چاول,999772.230,10.000,0.00,active,"wholesale:25.000-∞=160.00 | wholesale:0.000-24.999=170.00 | retail:0.000-24.999=170.00 | retail:25.000-∞=160.00","2026-04-11 17:17:27"
317,PRDBD753D08,"ٹوٹا 190 والا",,کلو,چاول,999987.000,10.000,0.00,active,"wholesale:0.000-24.999=190.00 | wholesale:25.000-∞=180.00 | retail:0.000-24.999=190.00 | retail:25.000-∞=180.00","2026-04-11 17:17:27"
382,PRD788164210101,"ٹوسٹو 5 والی",,ڈبہ,"بوم بوم واے",999997.000,10.000,248.00,active,"wholesale:0.000-11.000=260.00 | wholesale:12.000-∞=251.67 | retail:0.000-∞=260.00","2026-04-12 12:27:23"
448,PRD837611263672,ٹیشو,,پیکٹ,دوسرے,999997.000,10.000,0.00,active,"wholesale:0.000-∞=200.00 | retail:0.000-∞=200.00","2026-04-12 13:49:33"
441,PRD834866374278,"جامی شیری",,بوتل,دوسرے,999999.000,10.000,5400.00,active,"wholesale:0.000-∞=458.34 | retail:0.000-∞=480.00","2026-04-12 13:44:47"
589,PRD548445191053,جلوتری,,کلو,مصالہ,999999.000,10.000,0.00,active,"wholesale:0.000-∞=8000.00 | retail:0.000-∞=8000.00","2026-05-06 13:08:22"
484,PRD934936045428,"جھاڑو بڑا",,پیس,دوسرے,999992.000,10.000,0.00,active,"wholesale:0.000-4.000=270.00 | wholesale:5.000-∞=240.00 | retail:0.000-∞=270.00","2026-04-12 16:31:48"
488,PRD816119146541,"جھاڑو چھوٹا",,پیس,دوسرے,999992.000,10.000,0.00,active,"wholesale:0.000-4.000=220.00 | wholesale:5.000-∞=205.00 | retail:0.000-∞=220.00","2026-04-13 17:00:12"
242,PRDBD750E43,"جوس 500 والا",,گتہ,جوس,999975.000,10.000,0.00,active,"wholesale:0.000-∞=500.00 | retail:0.000-∞=500.00","2026-04-11 17:17:27"
587,PRD991279678074,"جوس لیٹر 1650 والا",,گتہ,جوس,999999.000,10.000,1580.00,active,"wholesale:0.000-∞=1650.00 | retail:0.000-∞=1650.00","2026-05-04 17:52:57"
244,PRDBD750F55,"جوس لیٹر 820 والا",,گتہ,جوس,999998.000,10.000,0.00,active,"wholesale:0.000-∞=820.00 | retail:0.000-∞=820.00","2026-04-11 17:17:27"
506,PRD225339895808,"جوس لیٹر والا",,گتہ,جوس,999995.000,10.000,0.00,active,"wholesale:0.000-∞=2370.00 | retail:0.000-∞=2370.00","2026-04-15 08:09:56"
560,PRD093508016417,جوشندا,,ڈبہ,دوسرے,999997.000,10.000,0.00,active,"wholesale:0.000-∞=550.00 | retail:0.000-∞=550.00","2026-04-19 19:36:10"
266,PRDBD751B73,"چائنہ نمک",,کلو,مصالہ,999998.540,10.000,1200.00,active,"wholesale:0.000-∞=1400.00 | retail:0.000-∞=1400.00","2026-04-11 17:17:27"
541,PRD053455244531,"چاٹ مصالہ ڈبہ",,ڈبہ,"نیشنل مصالہ",999993.000,10.000,0.00,active,"wholesale:0.000-5.000=120.00 | wholesale:6.000-∞=110.00 | retail:0.000-5.000=120.00 | retail:6.000-∞=110.00","2026-04-17 10:55:59"
577,PRD699609453802,"چاٹ مصالہ شاشے",,شاشے,"نیشنل مصالہ",999975.000,10.000,0.00,active,"wholesale:0.000-∞=35.00 | retail:0.000-∞=40.00","2026-04-29 18:39:49"
265,PRDBD751AE6,"چارے مغز",,کلو,مصالہ,999999.000,10.000,0.00,active,"wholesale:0.000-∞=1000.00 | retail:0.000-∞=1000.00","2026-04-11 17:17:27"
536,PRD396004321065,"چاکلیٹ 210 والی",,ڈبہ,"بوم بوم واے",999995.000,10.000,205.00,active,"wholesale:0.000-∞=210.00 | retail:0.000-∞=210.00","2026-04-16 16:42:18"
318,PRDBD753DDF,"چاول سادہ کئنات",,کلو,چاول,999992.000,10.000,0.00,active,"wholesale:0.000-24.999=320.00 | wholesale:25.000-∞=310.00 | retail:0.000-24.999=320.00 | retail:25.000-∞=310.00","2026-04-11 17:17:27"
319,PRDBD753E84,"چاول سٹیم کائنات",,کلو,چاول,999741.000,10.000,0.00,active,"wholesale:0.000-24.999=370.00 | wholesale:25.000-∞=354.00 | retail:0.000-24.999=370.00 | retail:25.000-∞=354.00","2026-04-11 17:17:27"
239,PRDBD750C9F,چکلیٹو,,ڈبہ,"چکلٹو کوکومو واے",999898.000,10.000,4770.00,active,"wholesale:0.000-0.000=270.00 | retail:0.000-∞=270.00","2026-04-11 17:17:27"
476,PRD889742521882,"چکن کنور",,ڈبہ,مصالہ,999939.000,10.000,0.00,active,"wholesale:0.000-∞=70.00 | retail:0.000-∞=75.00","2026-04-12 15:16:47"
385,PRD789173053425,"چن کن",,ڈبہ,"گولی ٹافیاں واے",999998.000,10.000,196.00,active,"wholesale:0.000-∞=200.00 | retail:0.000-∞=200.00","2026-04-12 12:29:03"
554,PRD026886016141,"چھلکا اسکبول",,کلو,مصالہ,999999.000,10.000,0.00,active,"wholesale:0.000-∞=4000.00 | retail:0.000-∞=4000.00","2026-04-18 13:58:17"
301,PRDBD753049,چھوارے,,کلو,مصالہ,999999.000,10.000,260.00,active,"wholesale:0.000-∞=400.00 | retail:0.000-∞=400.00","2026-04-11 17:17:27"
247,PRDBD751109,"چھوٹا پانی",,پیٹ,بوتل,999999.000,10.000,0.00,inactive,"wholesale:0.000-∞=280.00 | retail:0.000-∞=280.00","2026-04-11 17:17:27"
291,PRDBD752A4B,"چھوٹی الائچی",,کلو,مصالہ,999998.898,10.000,0.00,active,"wholesale:0.000-0.249=12000.00 | wholesale:0.250-∞=11000.00 | retail:0.000-0.249=12000.00 | retail:0.250-∞=11000.00","2026-04-11 17:17:27"
390,PRD792128205089,"چوپا 10 والا",,ڈبہ,"بوم بوم واے",999999.000,10.000,0.00,active,"wholesale:0.000-∞=380.00 | retail:0.000-∞=380.00","2026-04-12 12:33:43"
561,PRD893174664871,"چوپا 130 والا",,ڈبہ,"گولی ٹافیاں واے",999995.000,10.000,0.00,active,"wholesale:0.000-∞=130.00 | retail:0.000-∞=130.00","2026-04-20 17:49:06"
389,PRD791225614233,"چوپا 5 والا",,پیکٹ,"بوم بوم واے",999997.000,10.000,0.00,active,"wholesale:0.000-∞=200.00 | retail:0.000-∞=200.00","2026-04-12 12:32:35"
480,PRD892201607562,"چوکلیٹ دانہ",,کلو,"ڈراۓ فروٹ",999999.000,10.000,0.00,active,"wholesale:0.000-∞=650.00 | retail:0.000-∞=650.00","2026-04-12 15:20:54"
559,PRD070340395373,"چوہے والی کتاب",,ٹرے,دوسرے,999999.000,10.000,115.00,active,"wholesale:0.000-∞=130.00 | retail:0.000-∞=150.00","2026-04-19 18:57:35"
475,PRD889405592171,چیری,,کلو,"ڈراۓ فروٹ",999999.000,10.000,0.00,active,"wholesale:0.000-∞=1400.00 | retail:0.000-∞=1400.00","2026-04-12 15:16:11"
579,PRD341353117522,"چیگم 250 والی",,ڈبہ,"بوم بوم واے",999999.000,10.000,225.00,active,"wholesale:0.000-∞=250.00 | retail:0.000-∞=250.00","2026-04-30 12:29:37"
380,PRD787247970498,"چیلی میلی",,ڈبہ,دوسرے,999998.000,10.000,0.00,active,"wholesale:0.000-5.000=210.00 | wholesale:6.000-∞=205.00 | retail:0.000-∞=210.00","2026-04-12 12:26:15"
179,PRD056532750383,چینی,,کلو,اناج,996160.550,10.000,0.00,active,"wholesale:0.000-∞=142.00 | retail:0.000-49.000=144.00 | retail:50.000-∞=142.00","2026-04-11 16:07:50"
578,PRD72025557,خالی,,بوتل,دوسرے,999997.000,10.000,56.00,active,"wholesale:5.000-∞=70.00 | retail:0.000-∞=70.00","2026-04-29 19:13:45"
302,PRDBD7530E1,"خستہ چنے",,کلو,"حاجی سلطان سویاں واے",90.000,10.000,300.00,active,"wholesale:0.000-29.999=320.00 | wholesale:30.000-∞=310.00 | retail:0.000-29.999=320.00 | retail:30.000-∞=310.00","2026-04-11 17:17:27"
295,PRDBD752CAA,"دال جینی",,کلو,مصالہ,999999.000,10.000,0.00,active,"wholesale:0.000-0.999=1200.00 | wholesale:1.000-∞=1000.00 | retail:0.000-0.999=1200.00 | retail:1.000-∞=1000.00","2026-04-11 17:17:27"
293,PRDBD752B7C,"دال چنا",,کلو,دال,999772.250,10.000,0.00,active,"wholesale:0.000-0.999=220.00 | wholesale:1.000-49.999=200.00 | wholesale:50.000-∞=196.00 | retail:0.000-4.999=220.00 | retail:5.000-∞=200.00","2026-04-11 17:17:27"
327,PRDBD754992,"دال ماش",,کلو,دال,999950.250,10.000,0.00,active,"wholesale:0.000-∞=420.00 | retail:0.000-4.999=440.00 | retail:5.000-∞=420.00","2026-04-11 17:17:27"
576,PRD689986755156,"دال ماش چھلکا",,کلو,دوسرے,999995.000,10.000,0.00,active,"wholesale:0.000-∞=480.00 | retail:0.000-0.999=520.00 | retail:1.000-∞=500.00","2026-04-29 18:24:01"
329,PRDBD754B0A,"دال مسور",,کلو,دال,999922.880,10.000,0.00,active,"wholesale:0.000-0.999=240.00 | wholesale:1.000-∞=210.00 | retail:0.000-4.999=240.00 | retail:5.000-∞=210.00","2026-04-11 17:17:27"
328,PRDBD754A53,"دال مونگی",,کلو,دال,999941.880,10.000,0.00,active,"wholesale:0.000-0.999=360.00 | wholesale:1.000-∞=310.00 | retail:0.000-0.999=360.00 | retail:1.000-∞=340.00","2026-04-11 17:17:27"
326,PRDBD75489D,"دال مونگی چھلکا",,کلو,دال,999997.000,10.000,0.00,active,"wholesale:0.000-∞=400.00 | retail:0.000-∞=400.00","2026-04-11 17:17:27"
495,PRD528129180276,"دانے دار 100 والی",,ڈبی,"دانے دار واے",999839.000,10.000,10700.00,active,"wholesale:0.000-∞=92.00 | retail:0.000-∞=100.00","2026-04-14 12:47:37"
213,PRDBD74FBA2,"دانے دار 30 والی",,ڈبہ,"دانے دار واے",999919.000,10.000,0.00,active,"wholesale:0.000-∞=27.50 | retail:0.000-∞=30.00","2026-04-11 17:17:27"
221,PRDBD75018A,"دانے دار 50 والی",,ڈبہ,"دانے دار واے",999839.000,10.000,865.23,active,"wholesale:0.000-0.000=45.00 | retail:0.000-∞=50.00","2026-04-11 17:17:27"
212,PRDBD74FB2A,"دانے دار آدھ پاؤ",,پیکٹ,"دانے دار واے",999965.000,10.000,168.40,active,"wholesale:0.000-0.000=175.00 | retail:0.000-∞=180.00","2026-04-11 17:17:27"
211,PRDBD74FAB1,"دانے دار آدھا کلو",,پیکٹ,"دانے دار واے",999998.000,10.000,794.00,active,"wholesale:0.000-2.000=850.00 | wholesale:3.000-∞=830.00 | retail:0.000-∞=870.00","2026-04-11 17:17:27"
210,PRDBD74FA3A,"دانے دار پاؤ",,ڈبہ,"دانے دار واے",999925.000,10.000,336.81,active,"wholesale:0.000-0.000=350.00 | retail:0.000-∞=370.00","2026-04-11 17:17:27"
373,PRD785348013683,"درباری نمکو 5 والی",,ڈبہ,"گولی ٹافیاں واے",999978.000,10.000,125.00,active,"wholesale:0.000-5.000=130.00 | wholesale:6.000-∞=127.00 | retail:0.000-∞=130.00","2026-04-12 12:22:38"
442,PRD834925699794,دلیہ,,ڈبہ,دوسرے,999957.000,10.000,33.33,active,"wholesale:0.000-∞=40.00 | retail:0.000-∞=50.00","2026-04-12 13:45:04"
270,PRDBD751DB0,"دیسی سونگی",,کلو,مصالہ,999999.000,10.000,0.00,active,"wholesale:0.000-∞=1200.00 | retail:0.000-∞=1200.00","2026-04-11 17:17:27"
308,PRDBD753587,"دیسی مسر",,کلو,دال,999998.000,10.000,310.00,active,"wholesale:0.000-0.999=360.00 | wholesale:1.000-∞=350.00 | retail:0.000-0.999=360.00 | retail:1.000-∞=350.00","2026-04-11 17:17:27"
404,PRD805112211097,"ڈاو 10 والا",,لڑیاں,"شیخ نوشہرہ ورکاں",999979.000,10.000,3450.00,active,"wholesale:0.000-∞=150.00 | retail:0.000-∞=150.00","2026-04-12 12:55:43"
407,PRD808040180172,"ڈاو 200ml",,بوتل,"شیخ نوشہرہ ورکاں",999999.000,10.000,0.00,active,retail:0.000-∞=500.00,"2026-04-12 13:00:40"
434,PRD828154472746,"ڈک صابن 150 والا",,پیکٹ,صابن,999999.000,10.000,0.00,active,wholesale:0.000-1.000=20.00,"2026-04-12 13:34:13"
379,PRD787057330296,ڈکار,,ڈبہ,"منی مور پاپر واے",999999.000,10.000,93.75,active,"wholesale:0.000-5.000=100.00 | wholesale:6.000-∞=97.00 | retail:0.000-∞=100.00","2026-04-12 12:25:23"
321,PRDBD754011,"ڈھرا مرچ",,کلو,مصالہ,999998.250,10.000,0.00,active,"wholesale:0.000-0.999=720.00 | wholesale:1.000-∞=700.00 | retail:0.000-0.999=720.00 | retail:1.000-∞=700.00","2026-04-11 17:17:27"
428,PRD825703277969,"ڈیٹول صابن 150 والا",,پیکٹ,صابن,999999.000,10.000,9000.00,active,"wholesale:0.000-∞=1560.00 | retail:0.000-5.000=145.00 | retail:6.000-∞=140.00","2026-04-12 13:29:54"
238,PRDBD750C13,رائٹ,,ڈبہ,"چکلٹو کوکومو واے",999999.000,10.000,4770.00,active,"wholesale:0.000-0.000=270.00 | retail:0.000-∞=270.00","2026-04-11 17:17:27"
427,PRD825091505812,"رائل لیڈر صابن135 والا",,پیکٹ,صابن,999999.000,10.000,5260.00,active,"wholesale:0.000-∞=113.34 | wholesale:6.000-∞=125.00 | retail:0.000-5.000=130.00","2026-04-12 13:29:28"
255,PRDBD75155F,"رائیڈر سیگریٹ",,ڈبی,سگریٹ,999979.000,10.000,0.00,active,"wholesale:0.000-4.000=100.00 | wholesale:5.000-∞=85.00 | retail:0.000-4.000=100.00 | retail:5.000-∞=85.00","2026-04-11 17:17:27"
452,PRD839064466238,"رابن نیل",,بوتل,دوسرے,999997.000,10.000,0.00,active,"wholesale:0.000-∞=280.00 | retail:0.000-∞=280.00","2026-04-12 13:52:14"
518,PRD332029606963,"ردی کتاب",,کلو,دوسرے,999993.800,10.000,0.00,active,"wholesale:0.000-∞=320.00 | retail:0.000-∞=320.00","2026-04-15 11:07:07"
514,PRD317242795520,رس,,پیکٹ,دوسرے,999994.000,10.000,0.00,active,"wholesale:0.000-∞=100.00 | retail:0.000-∞=100.00","2026-04-15 10:42:31"
387,PRD789889471644,"رنگ دار سویاں",,پیکٹ,سویاں,999905.000,10.000,2000.00,active,"wholesale:0.000-5.000=50.00 | wholesale:6.000-∞=41.67 | retail:0.000-5.000=50.00 | retail:6.000-∞=45.84","2026-04-12 12:30:19"
339,PRD638933288370,"ریو ہاف رول",,ڈبہ,"سوپر ھاف رول واے",999997.000,10.000,0.00,active,"wholesale:0.000-17.000=290.00 | wholesale:18.000-∞=288.89 | retail:0.000-∞=290.00","2026-04-12 08:19:02"
542,PRD054907521181,زیرا,,کلو,مصالہ,999998.650,10.000,1130.00,active,"wholesale:0.000-∞=1400.00 | retail:0.000-∞=1400.00","2026-04-17 10:58:31"
343,PRD644584087970,"زیرا ہاف رول",,ڈبہ,"لو بسکٹ واے",999999.000,10.000,4960.00,active,"wholesale:0.000-17.000=290.00 | wholesale:18.000-∞=277.78 | retail:0.000-∞=290.00","2026-04-12 08:28:16"
487,PRD554738492604,سابقہ,,روپے,دوسرے,999999.000,10.000,0.00,active,"wholesale:0.000-∞=1.00 | retail:0.000-∞=1.00","2026-04-13 09:44:51"
469,PRD886891618190,"ساکا ٹیپ",,رول,ٹیپ,999999.000,10.000,0.00,active,,"2026-04-12 15:11:32"
551,PRD123172217904,"سبز دھنیا",,کلو,"ہری سبزی",999999.000,10.000,0.00,active,"wholesale:0.000-∞=160.00 | retail:0.000-∞=160.00","2026-04-17 12:52:29"
547,PRD113155722142,"سبز مرچ",,کلو,"ہری سبزی",999999.000,10.000,0.00,active,"wholesale:0.000-∞=80.00 | retail:0.000-∞=80.00","2026-04-17 12:35:16"
229,PRDBD75073C,"سپریم 30 والی",,ڈبہ,"سپریم لپٹن نوشہرہ ورکاں",999871.000,10.000,539.00,active,"wholesale:0.000-5.000=30.00 | wholesale:6.000-∞=27.50 | retail:0.000-∞=30.00","2026-04-11 17:17:27"
230,PRDBD7507B8,"سپریم 50 والی",,ڈبہ,"سپریم لپٹن نوشہرہ ورکاں",999959.000,10.000,900.00,active,"wholesale:0.000-5.000=50.00 | wholesale:6.000-∞=46.00 | retail:0.000-5.000=50.00 | retail:6.000-∞=46.00","2026-04-11 17:17:27"
232,PRDBD7508B8,"سپریم آدھا پاؤ",,ڈبہ,"سپریم لپٹن نوشہرہ ورکاں",999998.000,10.000,161.00,active,"wholesale:0.000-5.000=170.00 | wholesale:6.000-∞=165.00 | retail:0.000-∞=170.00","2026-04-11 17:17:27"
231,PRDBD750835,"سپریم آدھا کلو",,پیکٹ,"سپریم لپٹن نوشہرہ ورکاں",999997.000,10.000,0.00,active,"wholesale:0.000-2.000=800.00 | wholesale:3.000-∞=780.00 | retail:0.000-∞=820.00","2026-04-11 17:17:27"
207,PRDBD74F8D7,"سپریم پاؤ والی",,ڈبہ,"سپریم لپٹن نوشہرہ ورکاں",999954.000,10.000,316.66,active,"wholesale:0.000-0.000=330.00 | retail:0.000-∞=350.00","2026-04-11 17:17:27"
588,PRD678113283986,"سپریم چاۓ 100 والی",,ڈبی,"سپریم لپٹن نوشہرہ ورکاں",999999.000,10.000,88.33,active,"wholesale:0.000-∞=90.00 | retail:0.000-∞=100.00","2026-05-05 12:57:46"
256,PRDBD7515EF,"سٹائل سیگریٹ",,ڈبی,سگریٹ,999979.000,10.000,0.00,active,"wholesale:0.000-4.000=100.00 | wholesale:5.000-∞=80.00 | retail:0.000-4.000=100.00 | retail:0.000-5.000=80.00","2026-04-11 17:17:27"
248,PRDBD751192,"سٹنگ ہاف",,پیٹ,بوتل,999985.000,10.000,0.00,active,"wholesale:0.000-∞=1250.00 | retail:0.000-∞=1250.00","2026-04-11 17:17:27"
494,PRD522694208043,"سرو سرف 50 والا",,پیکٹ,"سرو صرف واے",999541.000,10.000,0.00,active,"wholesale:0.000-5.000=50.00 | wholesale:6.000-∞=41.67 | retail:0.000-5.000=50.00 | retail:6.000-∞=41.67","2026-04-14 12:38:32"
501,PRD735734503870,"سرو سرف کلو والا",,پیکٹ,"سرو صرف واے",999955.000,10.000,0.00,active,"wholesale:0.000-4.000=300.00 | wholesale:5.000-∞=285.00 | retail:0.000-4.000=320.00 | retail:5.000-∞=300.00","2026-04-14 18:33:39"
325,PRDBD7543B9,"سفید چنے",,کلو,دال,999910.000,10.000,0.00,active,"wholesale:0.000-0.999=240.00 | wholesale:1.000-24.999=220.00 | wholesale:25.000-∞=215.00 | retail:0.000-4.999=240.00 | retail:5.000-49.999=220.00","2026-04-11 17:17:27"
282,PRDBD752512,"سفید مرچ",,کلو,مصالہ,999998.800,10.000,0.00,active,"wholesale:0.000-∞=4000.00 | retail:0.000-∞=4000.00","2026-04-11 17:17:27"
533,PRD120291172231,"سکا ٹیپ",,رول,دوسرے,999999.000,10.000,396.00,active,"wholesale:1.000-∞=410.00 | retail:0.000-∞=50.00","2026-04-16 09:01:16"
455,PRD840246343908,"سلطان تیل آدھ پاؤ",,بوتل,تیل,999793.000,10.000,0.00,active,"wholesale:0.000-5.000=80.00 | wholesale:6.000-47.000=70.00 | wholesale:48.000-∞=68.76 | retail:0.000-∞=80.00","2026-04-12 13:54:12"
454,PRD840166707562,"سلطان تیل پاؤ",,بوتل,تیل,999940.000,10.000,0.00,active,"wholesale:0.000-5.000=140.00 | wholesale:6.000-23.000=130.00 | wholesale:24.000-∞=129.17 | retail:0.000-∞=140.00","2026-04-12 13:53:41"
526,PRD582177766478,"سمیع نرول",,گتہ,صابن,999995.000,10.000,1720.00,active,"wholesale:0.000-∞=1750.00 | retail:0.000-∞=1750.00","2026-04-15 18:04:20"
538,PRD935520041528,"سن لائٹ",,پیکٹ,"شیخ نوشہرہ ورکاں",999999.000,10.000,2200.00,active,"wholesale:0.000-∞=190.00 | retail:0.000-∞=190.00","2026-04-17 07:40:03"
400,PRD803993970136,"سنسلک 200ml",,بوتل,"شیخ نوشہرہ ورکاں",999999.000,10.000,0.00,active,retail:0.000-∞=430.00,"2026-04-12 12:53:27"
399,PRD803973390784,"سنسلک 400ml",,بوتل,"شیخ نوشہرہ ورکاں",999999.000,10.000,0.00,active,retail:0.000-∞=730.00,"2026-04-12 12:53:18"
402,PRD804207944392,"سنسلک 5 والا",,لڑیاں,"شیخ نوشہرہ ورکاں",999844.000,10.000,3450.00,active,"wholesale:0.000-∞=75.00 | retail:0.000-∞=75.00","2026-04-12 12:54:31"
401,PRD804091596626,"سنسلک 75ml",,بوتل,"شیخ نوشہرہ ورکاں",999997.000,10.000,0.00,active,wholesale:0.000-∞=180.00,"2026-04-12 12:53:38"
337,PRD632130176394,"سوپر ہاف رول",,ڈبہ,"سوپر ھاف رول واے",999953.000,10.000,0.00,active,"wholesale:0.000-17.000=290.00 | wholesale:18.000-∞=288.89 | retail:0.000-∞=290.00","2026-04-12 08:08:04"
304,PRDBD7532C7,سوجی,,کلو,"میدہ ویسن",999956.000,10.000,0.00,active,"wholesale:0.000-0.999=140.00 | wholesale:1.000-∞=130.00 | retail:0.000-4.999=140.00 | retail:5.000-∞=130.00","2026-04-11 17:17:27"
491,PRD449170788460,"سورج صابن",,کلو,صابن,999951.000,10.000,1260.00,active,"wholesale:0.000-4.000=140.00 | wholesale:5.000-∞=130.00 | retail:0.000-4.000=140.00 | retail:5.000-∞=130.00","2026-04-14 10:35:56"
306,PRDBD753405,"سوکھا دھنیا",,کلو,مصالہ,999990.013,10.000,0.00,active,"wholesale:0.000-0.999=640.00 | wholesale:1.000-∞=600.00 | retail:0.000-0.999=640.00 | retail:1.000-∞=600.00","2026-04-11 17:17:27"
264,PRDBD751A58,"سوکھا دھنیا پیسا",,کلو,مصالہ,999999.000,10.000,620.00,active,"wholesale:0.000-∞=720.00 | retail:0.000-∞=720.00","2026-04-11 17:17:27"
515,PRD325543251105,"سونٹ چکلٹ",,ڈبہ,دوسرے,999989.000,10.000,0.00,active,"wholesale:0.000-5.000=200.00 | wholesale:6.000-∞=195.00 | retail:0.000-∞=200.00","2026-04-15 10:56:53"
281,PRDBD75247D,سونڈ,,کلو,مصالہ,999999.000,10.000,0.00,active,"wholesale:0.000-∞=1600.00 | retail:0.000-∞=1600.00","2026-04-11 17:17:27"
277,PRDBD7521F8,سونف,,کلو,مصالہ,999999.000,10.000,390.00,active,"wholesale:0.000-∞=800.00 | retail:0.000-∞=800.00","2026-04-11 17:17:27"
272,PRDBD751ECE,سونگی,,کلو,مصالہ,999997.000,10.000,1070.00,active,"wholesale:0.000-0.999=1200.00 | wholesale:1.000-∞=1100.00 | retail:0.000-∞=1200.00","2026-04-11 17:17:27"
198,PRDBD74F498,"سویا چلی سوس",,بوتل,"نیشنل مصالہ",999999.000,10.000,165.00,active,"wholesale:0.000-∞=170.00 | retail:0.000-∞=180.00","2026-04-11 17:17:27"
208,PRDBD74F94E,"سویاں 50والی",,پیکٹ,سویاں,999827.000,10.000,3500.00,active,"wholesale:0.000-99.000=37.50 | wholesale:100.000-∞=36.00 | retail:0.000-∞=40.00","2026-04-11 17:17:27"
425,PRD822354234699,"سیف گارڈ صابن 175 والا",,پیکٹ,"ایریل صرف واے",999949.000,10.000,0.00,active,"wholesale:0.000-∞=165.00 | retail:0.000-5.000=170.00 | retail:6.000-∞=165.00","2026-04-12 13:26:59"
444,PRD835516336328,سیفٹی,,ڈبہ,دوسرے,999997.000,10.000,0.00,active,"wholesale:0.000-∞=100.00 | retail:0.000-∞=100.00","2026-04-12 13:46:10"
582,PRD754689512410,"سیل برا",,ڈبی,دوسرے,999999.000,10.000,592.00,active,"wholesale:0.000-∞=600.00 | retail:0.000-∞=400.00","2026-05-03 07:34:33"
583,PRD756789136692,"سیل چھوٹا",,ڈبی,دوسرے,999999.000,10.000,388.00,active,"wholesale:0.000-∞=400.00 | retail:0.000-∞=400.00","2026-05-03 07:35:19"
513,PRD312746487381,"سیون کالک بلیٹ",,ڈبی,دوسرے,999995.000,10.000,0.00,active,"wholesale:0.000-∞=130.00 | retail:0.000-∞=130.00","2026-04-15 10:35:43"
496,PRD530145628854,"شاپر 720 کلو والے",,کلو,دوسرے,999996.286,10.000,0.00,active,"wholesale:0.000-∞=720.00 | retail:0.000-0.000=720.00","2026-04-14 12:51:53"
498,PRD572379726252,"شاپر 800 کلو والے",,کلو,دوسرے,999993.300,10.000,0.00,active,"wholesale:0.000-∞=800.00 | retail:0.000-∞=800.00","2026-04-14 14:01:16"
459,PRD841842123388,"شاکار نمکو",,پیکٹ,"گولی ٹافیاں واے",999964.000,10.000,285.00,active,"wholesale:0.000-9.000=300.00 | wholesale:10.000-∞=290.00 | retail:0.000-∞=300.00","2026-04-12 13:56:56"
449,PRD838085740450,"شان مہندی",,ڈبہ,مہندی,999999.000,10.000,0.00,active,"wholesale:0.000-∞=190.00 | retail:0.000-∞=190.00","2026-04-12 13:50:21"
370,PRD780577106317,"شاہی میوہ 5 والا",,ڈبہ,"منی مور پاپر واے",999988.000,10.000,190.00,active,"wholesale:0.000-5.000=200.00 | wholesale:6.000-∞=195.00 | retail:0.000-∞=200.00","2026-04-12 12:15:02"
314,PRDBD753A75,شکر,,کلو,"گڑھ شکر",999945.000,10.000,0.00,active,"wholesale:0.000-4.999=240.00 | wholesale:5.000-∞=200.00 | retail:0.000-4.999=240.00 | retail:5.000-∞=200.00","2026-04-11 17:17:27"
471,PRD887184561395,"شوگر فری ڈبہ",,ڈبہ,"ڈراۓ فروٹ",999999.000,10.000,100.00,active,"wholesale:0.000-∞=120.00 | retail:0.000-∞=120.00","2026-04-12 15:12:32"
447,PRD837386057932,"شیشہ ٹیپ",,رول,ٹیپ,999999.000,10.000,0.00,active,"wholesale:0.000-∞=120.00 | retail:0.000-∞=120.00","2026-04-12 13:49:15"
443,PRD835065640094,"شیلڈ نپل",,ڈبی,دوسرے,999999.000,10.000,0.00,active,"wholesale:0.000-∞=60.00 | retail:0.000-∞=80.00","2026-04-12 13:45:44"
245,PRDBD750FF0,"شینڈی بوتل",,پیٹ,بوتل,999999.000,10.000,0.00,active,"wholesale:0.000-∞=520.00 | retail:0.000-∞=520.00","2026-04-11 17:17:27"
391,PRD792581006467,"صبا نمکو",,ڈبہ,نمکو,999999.000,10.000,93.00,active,"wholesale:0.000-∞=100.00 | retail:0.000-∞=100.00","2026-04-12 12:34:44"
330,PRDBD754BBC,"صوفی آئل",haha,لیٹر,ائل,999840.000,10.000,0.00,active,"wholesale:0.000-∞=575.00 | retail:0.000-4.000=580.00 | retail:5.000-∞=575.00","2026-04-11 17:17:27"
336,PRDBD75506B,"صوفی گھی",,کلو,گھی,999283.000,10.000,0.00,active,"wholesale:0.000-∞=562.50 | retail:0.000-15.000=565.00 | retail:16.000-∞=562.50","2026-04-11 17:17:27"
535,PRD316349628690,"غلا ھاف رول 30 والا",,ڈبہ,"لو بسکٹ واے",999999.000,10.000,4800.00,active,"wholesale:0.000-∞=270.00 | retail:0.000-∞=270.00","2026-04-16 14:27:56"
468,PRD884410117126,"فرنیل بوتل",,بوتل,دوسرے,999999.000,10.000,0.00,active,"wholesale:0.000-∞=250.00 | retail:0.000-∞=250.00","2026-04-12 15:08:05"
415,PRD812351009218,"فروٹ گالا 2 والی",,ڈبہ,ٹافی,999910.000,10.000,153.00,active,"wholesale:0.000-29.000=160.00 | wholesale:30.000-∞=155.00 | retail:0.000-∞=160.00","2026-04-12 13:07:44"
233,PRDBD750936,فلو,,ڈبہ,"چکلٹو کوکومو واے",999989.000,10.000,4770.00,active,"wholesale:0.000-0.000=270.00 | retail:0.000-∞=270.00","2026-04-11 17:17:27"
241,PRDBD750DBA,"قدرت دودھ",,ڈبہ,جوس,999837.000,10.000,1300.00,active,"wholesale:0.000-26.000=50.00 | wholesale:27.000-∞=48.89 | retail:0.000-26.000=55.00 | retail:27.000-∞=48.89","2026-04-11 17:17:27"
200,PRDBD74F596,"قصوری میتھی ڈبہ",,ڈبی,"نیشنل مصالہ",999997.000,10.000,0.00,active,"wholesale:0.000-5.000=80.00 | wholesale:6.000-∞=70.00 | retail:0.000-∞=80.00","2026-04-11 17:17:27"
348,PRD675908661073,"قورمہ ڈبہ",,ڈبہ,"نیشنل مصالہ",999999.000,10.000,0.00,active,"wholesale:0.000-5.000=140.00 | wholesale:6.000-∞=130.00 | retail:0.000-∞=140.00","2026-04-12 09:20:33"
356,PRD679758545553,"قورمہ شاشے",,شاشے,"نیشنل مصالہ",999999.000,10.000,0.00,active,"wholesale:0.000-5.000=80.00 | wholesale:6.000-∞=70.00 | retail:0.000-5.000=80.00 | retail:6.000-∞=70.00","2026-04-12 09:26:17"
479,PRD891986272533,کاجو,,کلو,"ڈراۓ فروٹ",999999.000,10.000,3000.00,active,"wholesale:0.000-∞=3200.00 | retail:0.000-∞=3200.00","2026-04-12 15:20:17"
269,PRDBD751D21,"کالا نمک",,کلو,مصالہ,999999.000,10.000,0.00,active,"wholesale:0.000-∞=80.00 | retail:0.000-∞=80.00","2026-04-11 17:17:27"
284,PRDBD75263A,"کالی جیری",,کلو,مصالہ,999999.000,10.000,0.00,active,"wholesale:0.000-∞=1200.00 | retail:0.000-∞=1200.00","2026-04-11 17:17:27"
320,PRDBD753F53,"کالی مرچ",,کلو,مصالہ,999998.750,10.000,2262.50,active,"wholesale:0.000-∞=2400.00 | retail:0.000-0.999=2600.00 | retail:1.000-∞=2400.00","2026-04-11 17:17:27"
324,PRDBD7542AB,"کالے چنے",,کلو,دال,999881.250,10.000,0.00,active,"wholesale:0.000-0.999=200.00 | wholesale:1.000-49.999=180.00 | retail:0.000-4.999=200.00 | retail:5.000-49.999=180.00","2026-04-11 17:17:27"
254,PRDBD7514D3,کپٹن,,ڈبی,سگریٹ,999603.000,10.000,0.00,active,"wholesale:0.000-∞=245.00 | retail:0.000-4.000=250.00 | retail:5.000-∞=245.00","2026-04-11 17:17:27"
372,PRD785162635756,"کرنچ نمکو 5 والی",,ڈبہ,"گولی ٹافیاں واے",999996.000,10.000,125.00,active,"wholesale:0.000-17.000=130.00 | wholesale:18.000-∞=127.00 | retail:0.000-∞=130.00","2026-04-12 12:22:07"
353,PRD678499422244,"کڑائ گوشت ڈبہ",,ڈبہ,"نیشنل مصالہ",999975.000,10.000,0.00,active,"wholesale:0.000-5.000=140.00 | wholesale:6.000-∞=130.00 | retail:0.000-∞=140.00","2026-04-12 09:24:51"
354,PRD678947258423,"کڑائ گوشت شاشے",,شاشے,"نیشنل مصالہ",999975.000,10.000,0.00,active,"wholesale:0.000-5.000=80.00 | wholesale:6.000-∞=70.00 | retail:0.000-5.000=80.00 | retail:6.000-∞=70.00","2026-04-12 09:25:11"
257,PRDBD75167C,کسان,,ڈبی,سگریٹ,999964.000,10.000,0.00,active,"wholesale:0.000-4.000=170.00 | wholesale:5.000-∞=160.00 | retail:0.000-4.000=170.00 | retail:5.000-∞=160.00","2026-04-11 17:17:27"
465,PRD877287006588,"کسٹرڈ ڈبہ",,ڈبہ,"نیشنل مصالہ",999992.000,10.000,111.00,active,"wholesale:0.000-∞=120.00 | retail:0.000-∞=130.00","2026-04-12 14:56:16"
466,PRD877783966995,"کسٹرڈ شاشے",,پیکٹ,"نیشنل مصالہ",999999.000,10.000,0.00,active,"wholesale:0.000-∞=45.84 | retail:0.000-5.000=50.00 | retail:6.000-∞=45.84","2026-04-12 14:57:09"
285,PRDBD7526CE,"کسکا س",,کلو,مصالہ,999999.000,10.000,1100.00,active,"wholesale:0.000-∞=1150.00 | retail:0.000-∞=1200.00","2026-04-11 17:17:27"
309,PRDBD75363D,کشتہ,,کلو,مصالہ,999999.000,10.000,0.00,active,"wholesale:0.000-0.999=480.00 | wholesale:1.000-∞=440.00 | retail:0.000-0.999=480.00 | retail:1.000-∞=440.00","2026-04-11 17:17:27"
331,PRDBD754C68,"کشمیر آئل",,لیٹر,ائل,999995.000,10.000,0.00,active,"wholesale:0.000-∞=570.00 | retail:0.000-∞=570.00","2026-04-11 17:17:27"
332,PRDBD754D0A,"کشمیر گھی",,کلو,گھی,999992.000,10.000,0.00,active,"wholesale:0.000-∞=562.50 | retail:0.000-15.000=565.00 | retail:16.000-∞=562.50","2026-04-11 17:17:27"
283,PRDBD7525A6,کلونجی,,کلو,مصالہ,999999.000,10.000,0.00,active,"wholesale:0.000-∞=1200.00 | retail:0.000-∞=1200.00","2026-04-11 17:17:27"
377,PRD786500504597,"کلیئر ٹافی 2 والی",,ڈبہ,"بوم بوم واے",999982.000,10.000,0.00,active,"wholesale:0.000-17.000=125.00 | wholesale:18.000-∞=122.23 | retail:0.000-∞=125.00","2026-04-12 12:24:36"
406,PRD808015119624,"کلیئر شیمپو 200 ml",,بوتل,"شیخ نوشہرہ ورکاں",999995.000,10.000,0.00,active,retail:0.000-∞=450.00,"2026-04-12 13:00:02"
507,PRD243594670290,"کلیئر شیمپو 5 والا",,لڑیاں,"شیخ نوشہرہ ورکاں",999989.000,10.000,0.00,active,"wholesale:0.000-∞=75.00 | retail:0.000-∞=75.00","2026-04-15 08:39:42"
335,PRDBD754FAF,"کھجور گھی",,کلو,گھی,999128.000,10.000,0.00,active,"wholesale:0.000-∞=468.76 | retail:0.000-15.000=470.00 | retail:16.000-∞=468.76","2026-04-11 17:17:27"
540,PRD975630755788,"کھجور گھی پاو والا",,کلو,گھی,999916.992,10.000,0.00,active,wholesale:0.000-∞=471.88,"2026-04-17 08:46:31"
297,PRDBD752DD6,"کھلا چاٹ مصالہ",,کلو,مصالہ,999999.000,10.000,350.00,active,"wholesale:0.000-0.000=380.00 | retail:0.000-0.999=400.00 | retail:1.000-∞=380.00","2026-04-11 17:17:27"
262,PRDBD75193D,"کھلی مہندی",,کلو,مصالہ,999999.000,10.000,0.00,active,"wholesale:0.000-∞=300.00 | retail:0.000-0.999=320.00 | retail:1.000-∞=300.00","2026-04-11 17:17:27"
307,PRDBD7534C4,"کھوپا گھری",,کلو,مصالہ,999996.692,10.000,0.00,active,"wholesale:0.000-∞=1300.00 | retail:0.000-0.999=1400.00 | retail:1.000-∞=1300.00","2026-04-11 17:17:27"
461,PRD844134175483,"کھیر مکس",,ڈبہ,سویاں,999927.000,10.000,0.00,active,"wholesale:0.000-5.000=160.00 | wholesale:6.000-∞=150.00 | retail:0.000-∞=160.00","2026-04-12 14:00:31"
267,PRDBD751C03,"کھیوڑا نمک",,کلو,مصالہ,999744.000,10.000,0.00,active,"wholesale:0.000-19.000=20.00 | wholesale:20.000-∞=16.00 | retail:0.000-19.000=20.00 | retail:20.000-∞=16.00","2026-04-11 17:17:27"
236,PRDBD750AFB,کوائل,,Piece,دوسرے,999981.000,10.000,0.00,active,"wholesale:0.000-∞=100.00 | retail:0.000-∞=100.00","2026-04-11 17:17:27"
395,PRD800578210284,"کوچی سٹیل 50والی",,پیس,دوسرے,999997.000,10.000,0.00,active,"wholesale:0.000-∞=33.34 | retail:0.000-∞=50.00","2026-04-12 12:48:18"
482,PRD893960680305,"کورا لٹھا",,گز,کپڑا,999999.000,10.000,0.00,active,"wholesale:0.000-∞=400.00 | retail:0.000-∞=400.00","2026-04-12 15:23:16"
237,PRDBD750B87,کوکومو,,ڈبہ,"چکلٹو کوکومو واے",999992.000,10.000,265.00,active,"wholesale:0.000-0.000=270.00 | retail:0.000-∞=270.00","2026-04-11 17:17:27"
438,PRD833724910044,"کولگیٹ ٹیوب 220 والی",,ڈبی,"بونس صرف واے",999999.000,10.000,0.00,active,retail:0.000-∞=210.00,"2026-04-12 13:43:00"
439,PRD833829171556,"کولگیٹ ٹیوب 325 والی",,ڈبی,"بونس صرف واے",999995.000,10.000,0.00,active,retail:0.000-∞=315.00,"2026-04-12 13:43:19"
436,PRD833083282522,"کولگیٹ ٹیوب 50 والی",,ڈبی,"بونس صرف واے",999951.000,10.000,5281.00,active,"wholesale:0.000-5.000=50.00 | wholesale:6.000-∞=45.84 | retail:0.000-∞=50.00","2026-04-12 13:42:38"
437,PRD833606343804,"کولگیٹ ٹیوب 75 والی",,ڈبی,"بونس صرف واے",999999.000,10.000,0.00,active,"wholesale:0.000-∞=68.34 | retail:0.000-∞=75.00","2026-04-12 13:42:50"
440,PRD834099907345,"کولگیٹ میکس فرش 210 والی",,ڈبی,"بونس صرف واے",999999.000,10.000,0.00,active,retail:0.000-∞=200.00,"2026-04-12 13:44:14"
426,PRD824209199146,"کیپری گارڈ صابن 160 والا",,پیکٹ,صابن,999987.000,10.000,8500.00,active,"wholesale:0.000-∞=125.00 | retail:0.000-5.000=135.00 | retail:6.000-∞=130.00","2026-04-12 13:27:23"
194,PRDBD74F2C4,"کیچپ 20 والی",,پیس,"منی مور پاپر واے",999999.000,10.000,195.00,active,"wholesale:0.000-∞=16.67 | retail:0.000-5.000=20.00 | retail:6.000-∞=16.67","2026-04-11 17:17:27"
196,PRDBD74F3AD,"کیچپ آدھا کلو",,پیس,"نیشنل مصالہ",999999.000,10.000,200.00,active,"wholesale:0.000-∞=210.00 | retail:0.000-∞=240.00","2026-04-11 17:17:27"
195,PRDBD74F339,"کیچپ پاؤ",,پیس,"نیشنل مصالہ",999951.000,10.000,0.00,active,"wholesale:0.000-∞=105.00 | retail:0.000-11.000=120.00 | retail:12.000-∞=105.00","2026-04-11 17:17:27"
197,PRDBD74F423,"کیچپ کلو",,پیس,"نیشنل مصالہ",999995.000,10.000,0.00,active,"wholesale:0.000-∞=360.00 | retail:0.000-∞=380.00","2026-04-11 17:17:27"
413,PRD812010673193,"کیفے بسکٹ 10والا",,ڈبہ,بسکٹ,999993.000,10.000,0.00,active,"wholesale:0.000-3.000=640.00 | wholesale:4.000-∞=635.00 | retail:0.000-∞=640.00","2026-04-12 13:07:01"
412,PRD811809970019,"کیفے بسکٹ 20والا",,ڈبہ,بسکٹ,999995.000,10.000,0.00,active,"wholesale:0.000-∞=210.00 | retail:0.000-∞=210.00","2026-04-12 13:06:39"
259,PRDBD751793,"کیفے سیگریٹ",,ڈبی,سگریٹ,999886.000,10.000,0.00,active,"wholesale:0.000-4.000=170.00 | wholesale:5.000-∞=155.00 | retail:0.000-4.000=170.00 | retail:5.000-∞=155.00","2026-04-11 17:17:27"
375,PRD786266436810,"کیک 10 والا",,ڈبہ,"گولی ٹافیاں واے",999970.000,10.000,198.88,active,"wholesale:0.000-5.000=210.00 | wholesale:6.000-∞=208.00 | retail:0.000-∞=210.00","2026-04-12 12:23:54"
517,PRD329250291475,"کیک 130 والا",,ڈبہ,دوسرے,999985.000,10.000,123.00,active,"wholesale:0.000-5.000=130.00 | wholesale:6.000-∞=125.00 | retail:0.000-∞=130.00","2026-04-15 11:02:25"
376,PRD786358443475,"کیک 20 والا",,ڈبہ,"گولی ٹافیاں واے",999988.000,10.000,195.55,active,"wholesale:0.000-17.000=200.00 | wholesale:18.000-∞=198.00 | retail:0.000-∞=200.00","2026-04-12 12:24:03"
374,PRD786071400129,"کیک 5 والا",,ڈبہ,"گولی ٹافیاں واے",999993.000,10.000,125.00,active,"wholesale:0.000-5.000=130.00 | wholesale:6.000-∞=127.00 | retail:0.000-∞=130.00","2026-04-12 12:23:45"
345,PRD645561248568,"کینڈی ہاف رول",,ڈبہ,"لو بسکٹ واے",999999.000,10.000,4960.00,active,"wholesale:0.000-17.000=290.00 | wholesale:18.000-∞=277.78 | retail:0.000-∞=290.00","2026-04-12 08:29:40"
251,PRDBD751330,"گڈ فلیک",,ڈبی,سگریٹ,999989.000,10.000,0.00,active,"wholesale:0.000-0.000=245.00 | retail:0.000-4.000=250.00 | retail:5.000-∞=245.00","2026-04-11 17:17:27"
300,PRDBD752FB0,"گرم مصالہ",,کلو,مصالہ,999992.125,10.000,0.00,active,"wholesale:0.000-0.000=2000.00 | retail:0.000-0.999=2400.00 | retail:1.000-∞=2000.00","2026-04-11 17:17:27"
451,PRD838725660195,"گرم مصالہ ڈبی",,ڈبہ,مصالہ,999999.000,10.000,0.00,active,"wholesale:0.000-∞=230.00 | retail:0.000-∞=230.00","2026-04-12 13:51:44"
315,PRDBD753B71,گڑھ,,کلو,"گڑھ شکر",999995.000,10.000,0.00,active,"wholesale:0.000-4.999=200.00 | wholesale:5.000-∞=180.00 | retail:0.000-∞=200.00","2026-04-11 17:17:27"
529,PRD608601898547,گلاس,,پیکٹ,دوسرے,999994.000,10.000,0.00,active,"wholesale:0.000-∞=200.00 | retail:0.000-∞=200.00","2026-04-15 18:48:24"
458,PRD841192611207,گلوکوز,,ڈبہ,دوسرے,999999.000,10.000,0.00,active,,"2026-04-12 13:55:45"
250,PRDBD7512A5,"گورمے سوا 2 لیٹر",,پیٹ,بوتل,999651.000,10.000,0.00,active,"wholesale:0.000-∞=730.00 | retail:1.000-∞=730.00 | retail:0.000-1.000=760.00","2026-04-11 17:17:27"
485,PRD946040139400,"گولی 130 والی",,ڈبہ,"گولی ٹافیاں واے",999905.000,10.000,129.16,active,"wholesale:0.000-∞=130.00 | retail:0.000-∞=130.00","2026-04-12 16:50:24"
260,PRDBD751824,"گوند کتیرا",,کلو,مصالہ,999999.000,10.000,1350.00,active,"wholesale:0.000-∞=2400.00 | retail:0.000-0.000=2400.00","2026-04-11 17:17:27"
574,PRD42999229,"لائف بوائے 10 والا",,لڑیاں,"شیخ نوشہرہ ورکاں",999975.000,10.000,4350.00,active,"wholesale:5.000-∞=150.00 | retail:0.000-∞=150.00","2026-04-29 11:09:59"
408,PRD808620154716,"لائف بوائے 200ml",,بوتل,"شیخ نوشہرہ ورکاں",999995.000,10.000,6900.00,active,"wholesale:0.000-∞=350.00 | retail:0.000-∞=350.00","2026-04-12 13:01:02"
409,PRD808646131293,"لائف بوائے 400ml",,بوتل,"شیخ نوشہرہ ورکاں",999995.000,10.000,6700.00,active,"wholesale:0.000-∞=600.00 | retail:0.000-∞=600.00","2026-04-12 13:01:34"
410,PRD809033454370,"لائف بوائے 75ml",,بوتل,"شیخ نوشہرہ ورکاں",999999.000,10.000,0.00,active,"wholesale:0.000-∞=190.00 | retail:0.000-∞=190.00","2026-04-12 13:01:51"
423,PRD821433876327,"لائف بوائے صابن 125 والا",,پیکٹ,"شیخ نوشہرہ ورکاں",999967.000,10.000,0.00,active,"wholesale:0.000-∞=115.00 | retail:0.000-5.000=120.00 | retail:6.000-∞=115.00","2026-04-12 13:23:34"
424,PRD822170009148,"لائف بوائے صابن 99 والا",,پیکٹ,"شیخ نوشہرہ ورکاں",999999.000,10.000,9800.00,active,,"2026-04-12 13:23:53"
403,PRD804738938632,"لاف بوۓ 10 والا",,لڑیاں,"شیخ نوشہرہ ورکاں",999954.000,10.000,0.00,active,"wholesale:0.000-29.000=150.00 | wholesale:30.000-∞=146.67 | retail:0.000-∞=150.00","2026-04-12 12:55:09"
217,PRDBD74FEC5,لال,,پیکٹ,"حاجی سلطان سویاں واے",140.000,10.000,260.00,active,"wholesale:0.000-∞=270.00 | retail:0.000-∞=270.00","2026-04-11 17:17:27"
509,PRD275932890237,"لال مرچ",,کلو,مصالہ,999973.500,10.000,0.00,active,"wholesale:0.000-0.999=720.00 | wholesale:1.000-∞=650.00 | retail:0.000-0.999=720.00 | retail:0.000-∞=650.00","2026-04-15 09:33:41"
228,PRDBD7506BD,"لپٹن 30 والی",,ڈبہ,"سپریم لپٹن نوشہرہ ورکاں",999959.000,10.000,0.00,active,"wholesale:0.000-5.000=30.00 | wholesale:6.000-∞=27.50 | retail:0.000-∞=30.00","2026-04-11 17:17:27"
227,PRDBD7505AB,"لپٹن 50 والی",,ڈبہ,"سپریم لپٹن نوشہرہ ورکاں",999953.000,10.000,0.00,active,"wholesale:0.000-5.000=50.00 | wholesale:6.000-∞=46.00 | retail:0.000-∞=50.00","2026-04-11 17:17:27"
226,PRDBD750507,"لپٹن آدھ پاؤ",,ڈبہ,"سپریم لپٹن نوشہرہ ورکاں",999989.000,10.000,177.66,active,"wholesale:0.000-5.000=190.00 | wholesale:6.000-∞=185.00 | retail:0.000-∞=190.00","2026-04-11 17:17:27"
225,PRDBD75040F,"لپٹن آدھا کلو",,پیکٹ,"سپریم لپٹن نوشہرہ ورکاں",999999.000,10.000,0.00,active,"wholesale:0.000-2.000=1000.00 | wholesale:3.000-∞=980.00 | retail:0.000-∞=1020.00","2026-04-11 17:17:27"
224,PRDBD750371,"لپٹن پاؤ",,ڈبہ,"سپریم لپٹن نوشہرہ ورکاں",999995.000,10.000,355.00,active,"wholesale:0.000-5.000=370.00 | wholesale:6.000-∞=365.00 | retail:0.000-∞=390.00","2026-04-11 17:17:27"
492,PRD451851279475,"لکس 150 والا",,ٹکیاں,"شیخ نوشہرہ ورکاں",999879.000,10.000,9700.00,active,"wholesale:0.000-5.000=145.00 | wholesale:6.000-∞=140.00 | retail:0.000-5.000=145.00 | retail:6.000-∞=140.00","2026-04-14 10:41:06"
463,PRD876568864850,"لہسن پاؤڈر ڈبہ",,ڈبہ,"نیشنل مصالہ",999999.000,10.000,0.00,active,"wholesale:0.000-∞=250.00 | retail:0.000-∞=250.00","2026-04-12 14:55:01"
549,PRD114530886880,"لہسن دیسی",,کلو,"ہری سبزی",999999.000,10.000,0.00,active,"wholesale:0.000-∞=320.00 | retail:0.000-∞=320.00","2026-04-17 12:37:54"
550,PRD114773388186,"لہسن فارمی",,کلو,"ہری سبزی",999999.000,10.000,0.00,active,"wholesale:0.000-∞=600.00 | retail:0.000-∞=600.00","2026-04-17 12:38:11"
381,PRD787766978280,"لوشن ٹائیگر",,ڈبہ,دوسرے,999997.000,10.000,228.00,active,"wholesale:0.000-∞=240.00 | retail:0.000-∞=240.00","2026-04-12 12:26:54"
417,PRD813164197499,"لولی کریم 10 والی",,پیس,"شیخ نوشہرہ ورکاں",999967.000,10.000,6600.00,active,wholesale:0.000-∞=8.75,"2026-04-12 13:08:48"
416,PRD813139588671,"لولی کریم 50والی",,پیس,"شیخ نوشہرہ ورکاں",999973.000,10.000,5300.00,active,"wholesale:0.000-∞=45.84 | retail:0.000-∞=50.00","2026-04-12 13:08:35"
289,PRDBD752921,لونگ,,کلو,مصالہ,999999.000,10.000,0.00,active,"wholesale:0.000-∞=4000.00 | retail:0.000-∞=4000.00","2026-04-11 17:17:27"
572,PRD669106237116,"لونگ فیفر 250 والا",,ڈبہ,"منی مور پاپر واے",999999.000,10.000,247.00,active,"wholesale:0.000-∞=250.00 | retail:0.000-∞=250.00","2026-04-28 14:02:21"
249,PRDBD75121B,لیٹر,,پیٹ,بوتل,999850.000,10.000,0.00,active,"wholesale:0.000-∞=760.00 | retail:0.000-∞=760.00","2026-04-11 17:17:27"
548,PRD113697346128,لیمبو,,کلو,"ہری سبزی",999999.000,10.000,0.00,active,"wholesale:0.000-∞=120.00 | retail:0.000-∞=120.00","2026-04-17 12:37:05"
430,PRD826175026175,"لیمن مکس صابن 55 والا",,پیکٹ,"بونس صرف واے",999448.000,10.000,2457.00,active,"wholesale:0.000-5.000=55.00 | wholesale:6.000-47.000=52.50 | wholesale:48.000-∞=52.09 | retail:0.000-5.000=55.00 | retail:6.000-47.000=52.50 | retail:48.000-∞=52.09","2026-04-12 13:31:17"
341,PRD639970659469,"لیمن ہاف رول",,شاشے,"سوپر ھاف رول واے",999995.000,10.000,0.00,active,"wholesale:0.000-17.000=290.00 | wholesale:18.000-∞=288.89 | retail:0.000-∞=290.00","2026-04-12 08:20:33"
312,PRDBD7538C0,مائع,,کلو,"میدہ ویسن",999974.500,10.000,0.00,active,"wholesale:0.000-0.999=200.00 | wholesale:1.000-∞=170.00 | retail:0.000-0.999=200.00 | retail:1.000-∞=170.00","2026-04-11 17:17:27"
235,PRDBD750A5A,ماچس,,ڈبہ,ماچس,999976.200,10.000,0.00,active,"wholesale:1.000-∞=210.00 | wholesale:0.000-0.999=225.00 | retail:0.000-0.999=225.00 | retail:1.000-∞=210.00","2026-04-11 17:17:27"
253,PRDBD751448,مارون,,ڈبی,سگریٹ,999959.000,10.000,0.00,active,"wholesale:5.000-∞=242.00 | retail:0.000-4.000=250.00 | retail:5.000-∞=242.00","2026-04-11 17:17:27"
467,PRD879356356127,"مایو نیز پاؤ والی",,پیکٹ,کیچپ,999995.000,10.000,159.00,active,"wholesale:0.000-∞=180.00 | retail:0.000-∞=180.00","2026-04-12 14:59:04"
473,PRD887856329906,"مایو نیز کلو",,پیکٹ,کیچپ,999999.000,10.000,0.00,active,"wholesale:0.000-∞=650.00 | retail:0.000-∞=650.00","2026-04-12 15:13:53"
350,PRD677090389083,"مچھلی مصالہ ڈبہ",,ڈبہ,"نیشنل مصالہ",999999.000,10.000,0.00,active,"wholesale:0.000-5.000=140.00 | wholesale:6.000-∞=130.00 | retail:0.000-∞=140.00","2026-04-12 09:22:23"
358,PRD680109967692,"مچھلی مصالہ شاشے",,شاشے,"نیشنل مصالہ",999999.000,10.000,0.00,active,"wholesale:0.000-5.000=80.00 | wholesale:6.000-∞=70.00 | retail:0.000-5.000=80.00 | retail:6.000-∞=70.00","2026-04-12 09:27:18"
209,PRDBD74F9C4,مخانے,,کلو,سویاں,999999.000,10.000,0.00,active,"wholesale:0.000-∞=250.00 | retail:0.000-∞=250.00","2026-04-11 17:17:27"
585,PRD170512967256,مخانے,,کلو,"حاجی سلطان سویاں واے",999999.000,10.000,220.00,active,"wholesale:0.000-∞=240.00 | retail:0.000-∞=240.00","2026-05-03 19:04:59"
462,PRD844379276385,مرونڈا,,پیکٹ,"حاجی سلطان سویاں واے",999997.000,10.000,165.00,active,"wholesale:0.000-∞=180.00 | retail:0.000-∞=180.00","2026-04-12 14:00:59"
292,PRDBD752AE0,مسر,,کلو,دال,999958.125,10.000,0.00,active,"wholesale:0.000-∞=190.00 | retail:0.000-4.999=220.00 | retail:5.000-49.999=190.00","2026-04-11 17:17:27"
294,PRDBD752C14,مکرونی,,کلو,مصالہ,999992.000,10.000,0.00,active,"wholesale:0.000-∞=180.00 | retail:0.000-4.999=200.00 | retail:5.000-∞=180.00","2026-04-11 17:17:27"
472,PRD887540463079,"مکرونی ڈبہ",,ڈبہ,"ڈراۓ فروٹ",999999.000,10.000,0.00,active,"wholesale:0.000-∞=160.00 | retail:0.000-∞=160.00","2026-04-12 15:13:03"
478,PRD891610226465,"مکس فروٹ ڈبہ",,ڈبہ,"ڈراۓ فروٹ",999999.000,10.000,0.00,active,"wholesale:0.000-∞=2200.00 | retail:0.000-∞=2200.00","2026-04-12 15:19:56"
388,PRD790583290325,"مکھن بسکٹ 20 والا",,ڈبہ,"گولی ٹافیاں واے",999995.000,10.000,135.00,active,"wholesale:0.000-5.000=140.00 | wholesale:6.000-∞=137.00 | retail:0.000-∞=140.00","2026-04-12 12:31:25"
497,PRD544924162853,ملبرون,,ڈبی,سگریٹ,999934.000,10.000,0.00,active,"wholesale:0.000-4.000=180.00 | wholesale:5.000-∞=175.00 | retail:0.000-4.000=180.00 | retail:5.000-∞=175.00","2026-04-14 13:15:00"
483,PRD893982211239,ململ,,گز,کپڑا,999999.000,10.000,0.00,active,"wholesale:0.000-∞=200.00 | retail:0.000-∞=200.00","2026-04-12 15:23:32"
566,PRD557375608592,"من ٹو چیگم",,ڈبہ,"منی مور پاپر واے",999999.000,10.000,190.00,active,"wholesale:0.000-∞=200.00 | retail:0.000-∞=200.00","2026-04-21 12:16:13"
278,PRDBD752281,منقہ,,کلو,مصالہ,999999.000,10.000,0.00,active,"wholesale:0.000-∞=1200.00 | retail:0.000-∞=1200.00","2026-04-11 17:17:27"
258,PRDBD751706,مورون,,ڈبی,سگریٹ,999979.000,10.000,0.00,active,"wholesale:0.000-4.000=140.00 | wholesale:5.000-∞=130.00 | retail:0.000-4.000=140.00 | retail:5.000-∞=130.00","2026-04-11 17:17:27"
190,PRDBD74F0F2,"مولی صابن کلو والا",,پیکٹ,"مولی صرف",999977.000,10.000,0.00,active,"wholesale:0.000-∞=240.00 | retail:0.000-∞=250.00","2026-04-11 17:17:27"
191,PRDBD74F168,"مولی صرف 10 والا",,پیکٹ,"مولی صرف",999867.000,10.000,0.00,active,"wholesale:0.000-∞=8.75 | retail:0.000-5.000=10.00 | retail:6.000-∞=8.75","2026-04-11 17:17:27"
192,PRDBD74F1DC,"مولی صرف 50 والا",,پیکٹ,"مولی صرف",999585.000,10.000,0.00,active,"wholesale:0.000-∞=41.67 | retail:0.000-5.000=50.00 | retail:6.000-∞=41.67","2026-04-11 17:17:27"
193,PRDBD74F250,"مولی صرف کلو",,کلو,"مولی صرف",999995.000,10.000,0.00,active,"wholesale:0.000-9.000=305.00 | wholesale:10.000-∞=300.00 | retail:0.000-∞=320.00","2026-04-11 17:17:27"
263,PRDBD7519CA,میتھرے,,کلو,مصالہ,999999.000,10.000,210.00,active,"wholesale:0.000-0.999=320.00 | wholesale:1.000-∞=280.00 | retail:0.000-0.999=320.00 | retail:1.000-∞=280.00","2026-04-11 17:17:27"
394,PRD794800109066,"میتھی پیکٹ 140والا",,پیکٹ,مصالہ,999975.000,10.000,0.00,active,"wholesale:0.000-11.000=20.00 | wholesale:12.000-∞=11.67 | retail:0.000-11.000=20.00 | retail:12.000-∞=11.67","2026-04-12 12:38:47"
450,PRD838236695855,"میٹرو7 اگر بتی",,پیس,دوسرے,999999.000,10.000,0.00,active,"wholesale:0.000-∞=100.00 | retail:0.000-∞=100.00","2026-04-12 13:51:10"
298,PRDBD752E6C,"میٹھا سوڈا",,کلو,مصالہ,999999.000,10.000,3400.00,active,"wholesale:25.000-∞=140.00 | wholesale:0.000-24.999=150.00 | retail:0.000-24.999=150.00 | retail:25.000-∞=140.00","2026-04-11 17:17:27"
305,PRDBD75336B,میدہ,,کلو,"میدہ ویسن",999939.000,10.000,0.00,active,"wholesale:0.000-49.999=130.00 | wholesale:50.000-∞=126.00 | retail:0.000-4.999=140.00 | retail:5.000-∞=130.00","2026-04-11 17:17:27"
334,PRDBD754F00,"میزان آئل",,لیٹر,ائل,999999.000,10.000,0.00,active,"wholesale:0.000-∞=545.00 | retail:0.000-4.000=550.00 | retail:5.000-∞=545.00","2026-04-11 17:17:27"
333,PRDBD754E13,"میزان گھی",,کلو,گھی,999983.000,10.000,0.00,active,"wholesale:0.000-∞=535.00 | retail:0.000-4.000=540.00 | retail:5.000-∞=535.00","2026-04-11 17:17:27"
531,PRD067747491858,"میوہ کھجور",,کلو,اناج,999995.000,10.000,0.00,active,"wholesale:0.000-0.999=480.00 | wholesale:1.000-∞=450.00 | retail:0.000-0.999=480.00 | retail:1.000-∞=450.00","2026-04-16 07:34:22"
344,PRD644986002699,"نان خطائ ہاف رول",,ڈبہ,"لو بسکٹ واے",999992.000,10.000,4960.00,active,"wholesale:0.000-17.000=290.00 | wholesale:18.000-∞=277.78 | retail:0.000-∞=290.00","2026-04-12 08:29:14"
418,PRD813769450119,"نٹ خٹ 5 والی",,ڈبہ,"گولی ٹافیاں واے",999991.000,10.000,125.00,active,"wholesale:0.000-5.000=130.00 | wholesale:6.000-∞=128.00 | retail:0.000-∞=130.00","2026-04-12 13:09:37"
489,PRD439641163912,نسوار,,پیکٹ,سگریٹ,999961.000,10.000,0.00,active,"wholesale:0.000-∞=285.00 | retail:0.000-∞=285.00","2026-04-14 10:19:59"
268,PRDBD751C93,"نعمت نمک",,کلو,مصالہ,999759.000,10.000,0.00,active,"wholesale:0.000-19.000=25.00 | wholesale:20.000-∞=21.00 | retail:0.000-19.000=25.00 | retail:20.000-∞=21.00","2026-04-11 17:17:27"
243,PRDBD750ECB,"نیسلے جوس",,گتہ,جوس,999976.000,10.000,1050.00,active,"wholesale:0.000-∞=1070.00 | retail:0.000-∞=1080.00","2026-04-11 17:17:27"
575,PRD680557706488,"نیسلے کریم",,ڈبی,دوسرے,999947.000,10.000,0.00,active,"wholesale:0.000-∞=214.59 | retail:0.000-∞=220.00","2026-04-29 18:08:04"
201,PRDBD74F60C,"نیشنل سرکہ",,بوتل,"نیشنل مصالہ",999999.000,10.000,0.00,active,"wholesale:0.000-∞=110.00 | retail:0.000-∞=120.00","2026-04-11 17:17:27"
199,PRDBD74F521,"نیشنل نمک",,پیکٹ,"نیشنل مصالہ",999995.000,10.000,1160.00,active,"wholesale:0.000-∞=50.00 | retail:0.000-∞=60.00","2026-04-11 17:17:27"
555,PRD229994224114,"نیل 20 والا",,گتہ,دوسرے,999991.000,10.000,0.00,active,"wholesale:0.000-∞=180.00 | retail:0.000-∞=20.00","2026-04-18 19:37:24"
453,PRD839358389063,"نیل 50والی",,بوتل,دوسرے,999999.000,10.000,0.00,active,"wholesale:0.000-∞=50.00 | retail:0.000-∞=50.00","2026-04-12 13:52:41"
584,PRD051155360688,"نیلو ڈبی",,ڈبی,دوسرے,999999.000,10.000,0.00,active,"wholesale:0.000-∞=100.00 | retail:0.000-∞=100.00","2026-05-03 15:45:38"
288,PRDBD75288E,"ھا لوں",,کلو,مصالہ,999999.000,10.000,0.00,active,"wholesale:0.000-∞=400.00 | retail:0.000-∞=400.00","2026-04-11 17:17:27"
456,PRD840544524088,"ہارپک بوتل",,بوتل,دوسرے,999999.000,10.000,0.00,active,"wholesale:0.000-∞=200.00 | retail:0.000-∞=200.00","2026-04-12 13:54:49"
322,PRDBD7540B5,ہلدی,,کلو,مصالہ,999977.125,10.000,0.00,active,"wholesale:0.000-0.999=640.00 | wholesale:1.000-∞=600.00 | retail:0.000-0.999=640.00 | retail:1.000-∞=600.00","2026-04-11 17:17:27"
378,PRD786786369540,"ہم تم سپاری",,ڈبہ,سپاری,999992.000,10.000,185.00,active,"wholesale:0.000-5.000=200.00 | wholesale:6.000-∞=190.00 | retail:0.000-∞=200.00","2026-04-12 12:25:04"
371,PRD781881996958,"ہوسٹ 5 والی",,ڈبہ,ٹافی,999997.000,10.000,144.45,active,"wholesale:0.000-∞=150.00 | retail:0.000-∞=150.00","2026-04-12 12:16:56"
397,PRD803411022047,"ہیلڈر شولڈر 200ml",,بوتل,"ایریل صرف واے",999999.000,10.000,0.00,active,retail:0.000-∞=450.00,"2026-04-12 12:52:35"
396,PRD803175244302,"ہیلڈر شولڈر 400ml",,بوتل,"ایریل صرف واے",999999.000,10.000,0.00,active,wholesale:0.000-∞=780.00,"2026-04-12 12:52:19"
405,PRD806905385100,"ہیلڈر شولڈر 5 والا",,لڑیاں,"ایریل صرف واے",999967.000,10.000,0.00,active,"wholesale:0.000-∞=55.00 | retail:0.000-∞=55.00","2026-04-12 12:58:55"
398,PRD803583454436,"ہیلڈر شولڈر 75ml",,بوتل,"ایریل صرف واے",999999.000,10.000,0.00,active,,"2026-04-12 12:52:50"
303,PRDBD753179,ویسن,,کلو,"میدہ ویسن",999912.000,10.000,0.00,active,"wholesale:0.000-0.999=240.00 | wholesale:1.000-∞=210.00 | retail:0.000-∞=240.00","2026-04-11 17:17:27"
216,PRDBD74FD3B,"ویسن سیوی",,پیکٹ,"حاجی سلطان سویاں واے",999982.000,10.000,300.00,active,"wholesale:0.000-9.000=310.00 | retail:0.000-∞=310.00","2026-04-11 17:17:27"
